1,Joshua,Ferguson,jferguson0@accuweather.com,Male,40,4
2,Lisa,Weaver,lweaver1@biblegateway.com,Female,24,15
3,Victor,Holmes,vholmes2@nasa.gov,Male,50,17
4,Bonnie,Baker,bbaker3@people.com.cn,Female,28,19
5,Theresa,Clark,tclark4@behance.net,Female,44,7
6,Alan,Young,ayoung5@123-reg.co.uk,Male,44,9
7,Harold,Lawson,hlawson6@webs.com,Male,53,15
8,Sean,Grant,sgrant7@dot.gov,Male,55,13
9,Alan,Simpson,asimpson8@jugem.jp,Male,39,5
10,Arthur,Patterson,apatterson9@myspace.com,Male,30,4
11,Ruby,Crawford,rcrawforda@springer.com,Female,31,11
12,Carl,Ellis,cellisb@angelfire.com,Male,60,9
13,Andrea,Dunn,adunnc@privacy.gov.au,Female,39,1
14,Harry,Jones,hjonesd@wsj.com,Male,43,14
15,Sandra,Willis,swillise@arstechnica.com,Female,35,2
16,Christina,Cruz,ccruzf@about.com,Female,31,14
17,Donald,Perez,dperezg@blinklist.com,Male,58,12
18,Todd,Romero,tromeroh@bbc.co.uk,Male,42,15
19,Doris,Lane,dlanei@reference.com,Female,51,8
20,Phillip,Little,plittlej@china.com.cn,Male,44,7
21,Paul,Fisher,pfisherk@vk.com,Male,56,1
22,Timothy,Myers,tmyersl@weibo.com,Male,39,6
23,Marie,Bell,mbellm@mapy.cz,Female,40,5
24,Joan,Bradley,jbradleyn@cnbc.com,Female,51,15
25,Willie,Rogers,wrogerso@whitehouse.gov,Male,46,20
26,Brandon,Cox,bcoxp@wikispaces.com,Male,33,12
27,Kevin,Johnson,kjohnsonq@nba.com,Male,46,10
28,Elizabeth,Woods,ewoodsr@phoca.cz,Female,50,19
29,Betty,Robertson,brobertsons@oracle.com,Female,44,16
30,Teresa,Gordon,tgordont@disqus.com,Female,49,8
31,Evelyn,Snyder,esnyderu@dot.gov,Female,52,19
32,Ryan,Hansen,rhansenv@senate.gov,Male,47,16
33,Peter,Gomez,pgomezw@bluehost.com,Male,60,19
34,Todd,Foster,tfosterx@rambler.ru,Male,28,20
35,Craig,Mcdonald,cmcdonaldy@nationalgeographic.com,Male,56,4
36,Rose,Graham,rgrahamz@photobucket.com,Female,51,10
37,Jesse,Mills,jmills10@bizjournals.com,Male,50,1
38,Louis,Torres,ltorres11@mapquest.com,Male,52,6
39,Diane,Hunt,dhunt12@businessweek.com,Female,24,3
40,Roy,Patterson,rpatterson13@nyu.edu,Male,42,6
41,Sharon,Young,syoung14@japanpost.jp,Female,40,2
42,Edward,Andrews,eandrews15@reuters.com,Male,54,7
43,Steven,Hunter,shunter16@army.mil,Male,56,4
44,Kenneth,Reyes,kreyes17@jimdo.com,Male,44,6
45,Carl,Stewart,cstewart18@lycos.com,Male,31,7
46,Shawn,Spencer,sspencer19@bandcamp.com,Male,51,6
47,John,Peters,jpeters1a@icio.us,Male,60,14
48,Larry,Mitchell,lmitchell1b@smugmug.com,Male,44,19
49,Susan,Larson,slarson1c@ucoz.ru,Female,24,16
50,Evelyn,Rodriguez,erodriguez1d@hibu.com,Female,37,1
51,Phyllis,Mason,pmason1e@ebay.co.uk,Female,30,10
52,Mary,Barnes,mbarnes1f@state.gov,Female,39,4
53,Terry,Gibson,tgibson1g@gov.uk,Male,55,5
54,Craig,Jackson,cjackson1h@surveymonkey.com,Male,35,1
55,Catherine,Campbell,ccampbell1i@stumbleupon.com,Female,34,16
56,Ernest,Butler,ebutler1j@t-online.de,Male,33,14
57,Benjamin,Morris,bmorris1k@paginegialle.it,Male,33,6
58,Barbara,Sanders,bsanders1l@ycombinator.com,Female,27,4
59,Randy,Lawson,rlawson1m@mozilla.com,Male,38,17
60,Victor,Rodriguez,vrodriguez1n@techcrunch.com,Male,40,10
61,Judy,James,jjames1o@dailymail.co.uk,Female,39,11
62,Amanda,Stanley,astanley1p@amazon.de,Female,38,17
63,Alan,Mason,amason1q@pinterest.com,Male,43,17
64,Mildred,Simmons,msimmons1r@list-manage.com,Female,55,20
65,Jack,West,jwest1s@technorati.com,Male,38,17
66,Roger,Clark,rclark1t@wikimedia.org,Male,46,12
67,Katherine,Sims,ksims1u@shutterfly.com,Female,25,4
68,Mary,Graham,mgraham1v@nih.gov,Female,52,8
69,Debra,Sims,dsims1w@state.tx.us,Female,33,10
70,Timothy,Gomez,tgomez1x@samsung.com,Male,44,9
71,Jonathan,Castillo,jcastillo1y@lycos.com,Male,35,19
72,Lisa,Nguyen,lnguyen1z@com.com,Female,37,8
73,Frances,Stephens,fstephens20@taobao.com,Female,26,2
74,Cynthia,Wilson,cwilson21@cisco.com,Female,48,1
75,Andrea,Chapman,achapman22@nsw.gov.au,Female,49,1
76,Scott,Sullivan,ssullivan23@archive.org,Male,24,9
77,Sharon,Cook,scook24@cloudflare.com,Female,59,7
78,Barbara,Freeman,bfreeman25@yellowpages.com,Female,35,13
79,Ruth,Simpson,rsimpson26@google.de,Female,53,19
80,Gary,Hunter,ghunter27@jimdo.com,Male,51,18
81,Donna,Riley,driley28@thetimes.co.uk,Female,24,20
82,Fred,Collins,fcollins29@eepurl.com,Male,51,10
83,Benjamin,Morris,bmorris2a@edublogs.org,Male,39,2
84,Juan,Payne,jpayne2b@smugmug.com,Male,46,1
85,Chris,Fox,cfox2c@ocn.ne.jp,Male,53,2
86,Bobby,Woods,bwoods2d@miibeian.gov.cn,Male,48,10
87,Bobby,Nelson,bnelson2e@europa.eu,Male,42,1
88,Juan,Welch,jwelch2f@quantcast.com,Male,39,3
89,Shawn,Cook,scook2g@harvard.edu,Male,35,10
90,Christine,Bradley,cbradley2h@arstechnica.com,Female,49,3
91,Bruce,Clark,bclark2i@lulu.com,Male,53,8
92,Jerry,Hamilton,jhamilton2j@acquirethisname.com,Male,56,6
93,Julia,Washington,jwashington2k@behance.net,Female,58,15
94,Julia,Thomas,jthomas2l@mlb.com,Female,41,6
95,Joyce,Ross,jross2m@fda.gov,Female,28,12
96,Sarah,Allen,sallen2n@vkontakte.ru,Female,45,10
97,Carlos,Sanders,csanders2o@tamu.edu,Male,46,9
98,Juan,Larson,jlarson2p@godaddy.com,Male,29,7
99,Wayne,Medina,wmedina2q@biglobe.ne.jp,Male,53,1
100,Russell,Moore,rmoore2r@homestead.com,Male,46,14
101,Amy,Dixon,adixon2s@irs.gov,Female,51,1
102,Evelyn,Ramos,eramos2t@epa.gov,Female,31,3
103,Joan,Sullivan,jsullivan2u@furl.net,Female,56,16
104,Jose,Snyder,jsnyder2v@wunderground.com,Male,58,12
105,Harry,Jacobs,hjacobs2w@google.ca,Male,37,10
106,Harry,Fields,hfields2x@sciencedaily.com,Male,34,16
107,Virginia,Mendoza,vmendoza2y@ocn.ne.jp,Female,49,7
108,Barbara,Walker,bwalker2z@google.es,Female,40,9
109,Jennifer,Ray,jray30@jigsy.com,Female,54,19
110,Howard,Medina,hmedina31@lycos.com,Male,46,16
111,Philip,Day,pday32@nydailynews.com,Male,56,12
112,Mildred,Moreno,mmoreno33@cnbc.com,Female,56,15
113,Rebecca,West,rwest34@privacy.gov.au,Female,37,3
114,Robert,Bell,rbell35@php.net,Male,44,17
115,Bonnie,Simpson,bsimpson36@amazon.co.uk,Female,45,6
116,Martin,Boyd,mboyd37@upenn.edu,Male,31,14
117,Annie,Palmer,apalmer38@pagesperso-orange.fr,Female,44,1
118,Kelly,Fisher,kfisher39@yelp.com,Female,55,8
119,Gary,Palmer,gpalmer3a@sciencedaily.com,Male,60,15
120,George,Phillips,gphillips3b@google.it,Male,50,18
121,Betty,Bennett,bbennett3c@flickr.com,Female,41,8
122,Billy,Ortiz,bortiz3d@flickr.com,Male,26,2
123,Phyllis,Collins,pcollins3e@tamu.edu,Female,43,7
124,Randy,Lynch,rlynch3f@microsoft.com,Male,48,16
125,Angela,Gilbert,agilbert3g@google.com.br,Female,38,10
126,Michelle,Nelson,mnelson3h@addthis.com,Female,37,14
127,Linda,Palmer,lpalmer3i@linkedin.com,Female,25,6
128,Virginia,Hunter,vhunter3j@blogspot.com,Female,53,12
129,Kelly,Clark,kclark3k@walmart.com,Female,33,11
130,Jose,Lane,jlane3l@amazon.de,Male,47,13
131,Judith,Butler,jbutler3m@census.gov,Female,48,20
132,Lois,Stone,lstone3n@yahoo.co.jp,Female,52,18
133,Paula,Bowman,pbowman3o@google.pl,Female,37,6
134,Bruce,Elliott,belliott3p@jalbum.net,Male,39,5
135,Daniel,Davis,ddavis3q@people.com.cn,Male,33,5
136,Jennifer,Wallace,jwallace3r@deliciousdays.com,Female,35,2
137,Robin,Gonzales,rgonzales3s@topsy.com,Female,49,15
138,Ann,Fox,afox3t@cisco.com,Female,35,10
139,Anne,Evans,aevans3u@apple.com,Female,48,20
140,Jose,Castillo,jcastillo3v@vinaora.com,Male,50,2
141,Peter,Harvey,pharvey3w@disqus.com,Male,48,20
142,Sean,Austin,saustin3x@prlog.org,Male,58,5
143,Fred,Welch,fwelch3y@statcounter.com,Male,36,17
144,Shawn,Watkins,swatkins3z@last.fm,Male,36,7
145,Lois,Hawkins,lhawkins40@ed.gov,Female,34,19
146,Carl,Stevens,cstevens41@fastcompany.com,Male,41,18
147,Lisa,Murray,lmurray42@surveymonkey.com,Female,40,9
148,Philip,Mendoza,pmendoza43@ucoz.ru,Male,35,6
149,Linda,Ray,lray44@sphinn.com,Female,24,2
150,Susan,Jacobs,sjacobs45@printfriendly.com,Female,43,15
151,Virginia,Kelly,vkelly46@indiatimes.com,Female,33,2
152,Joshua,Lee,jlee47@mayoclinic.com,Male,43,17
153,Larry,West,lwest48@unicef.org,Male,34,8
154,Alan,Harvey,aharvey49@oaic.gov.au,Male,24,2
155,Keith,Martin,kmartin4a@seesaa.net,Male,28,14
156,Roger,Bowman,rbowman4b@reverbnation.com,Male,50,4
157,Lawrence,White,lwhite4c@eepurl.com,Male,46,5
158,Christopher,Boyd,cboyd4d@hatena.ne.jp,Male,46,2
159,Bruce,Elliott,belliott4e@tripadvisor.com,Male,42,15
160,Stephen,Bryant,sbryant4f@ed.gov,Male,47,12
161,Kathy,Boyd,kboyd4g@ed.gov,Female,54,11
162,Aaron,Morgan,amorgan4h@1688.com,Male,43,8
163,William,Knight,wknight4i@phpbb.com,Male,37,1
164,Richard,Simmons,rsimmons4j@meetup.com,Male,56,20
165,Roger,Hill,rhill4k@bloglines.com,Male,31,13
166,Debra,Arnold,darnold4l@hexun.com,Female,36,9
167,Laura,Dean,ldean4m@oakley.com,Female,29,20
168,Nicholas,Marshall,nmarshall4n@dyndns.org,Male,28,20
169,Donna,Stevens,dstevens4o@about.me,Female,39,9
170,Donald,Shaw,dshaw4p@sbwire.com,Male,58,17
171,Frances,Berry,fberry4q@bravesites.com,Female,41,18
172,Gary,Green,ggreen4r@cornell.edu,Male,55,18
173,Karen,Henderson,khenderson4s@cnn.com,Female,56,5
174,Edward,Arnold,earnold4t@privacy.gov.au,Male,59,10
175,Ruby,Simpson,rsimpson4u@biblegateway.com,Female,37,3
176,Debra,Shaw,dshaw4v@yahoo.co.jp,Female,29,13
177,Jason,Burke,jburke4w@ycombinator.com,Male,50,8
178,Debra,Adams,dadams4x@feedburner.com,Female,27,9
179,Irene,Hudson,ihudson4y@sfgate.com,Female,36,19
180,Russell,Lane,rlane4z@seattletimes.com,Male,40,12
181,Donna,Watson,dwatson50@kickstarter.com,Female,32,9
182,Emily,Harper,eharper51@vistaprint.com,Female,31,5
183,Victor,Carr,vcarr52@chronoengine.com,Male,28,13
184,Edward,Gardner,egardner53@drupal.org,Male,26,2
185,Anne,Dixon,adixon54@nps.gov,Female,48,5
186,Jimmy,Burns,jburns55@bluehost.com,Male,60,16
187,Stephanie,Bradley,sbradley56@stanford.edu,Female,55,8
188,Fred,Lopez,flopez57@comsenz.com,Male,57,6
189,Charles,Jacobs,cjacobs58@twitpic.com,Male,29,18
190,Kathleen,Jones,kjones59@blogtalkradio.com,Female,39,10
191,Rose,Carter,rcarter5a@prnewswire.com,Female,54,3
192,Kathleen,Green,kgreen5b@list-manage.com,Female,40,2
193,Donna,Gibson,dgibson5c@jugem.jp,Female,52,19
194,Dorothy,Evans,devans5d@archive.org,Female,26,1
195,Virginia,Martinez,vmartinez5e@un.org,Female,35,19
196,Helen,Hunt,hhunt5f@wisc.edu,Female,25,18
197,Robert,Rivera,rrivera5g@qq.com,Male,38,8
198,Julia,Arnold,jarnold5h@etsy.com,Female,49,8
199,Irene,Hughes,ihughes5i@microsoft.com,Female,32,5
200,Timothy,Watson,twatson5j@usda.gov,Male,42,14
201,Frances,Ford,fford5k@ameblo.jp,Female,42,15
202,Deborah,Richards,drichards5l@sciencedaily.com,Female,43,13
203,Theresa,Hudson,thudson5m@unc.edu,Female,33,8
204,Anthony,Garrett,agarrett5n@flavors.me,Male,55,3
205,Anne,Ellis,aellis5o@canalblog.com,Female,42,15
206,Heather,Owens,howens5p@msn.com,Female,56,8
207,Ronald,Fuller,rfuller5q@parallels.com,Male,26,20
208,Roger,Long,rlong5r@omniture.com,Male,39,12
209,Carlos,Gibson,cgibson5s@ft.com,Male,32,8
210,Debra,Burke,dburke5t@nyu.edu,Female,27,10
211,Kevin,Oliver,koliver5u@theglobeandmail.com,Male,42,13
212,Paul,Woods,pwoods5v@ning.com,Male,53,2
213,Carol,Wilson,cwilson5w@oakley.com,Female,34,3
214,Teresa,Ramos,tramos5x@ed.gov,Female,60,5
215,Ryan,Reynolds,rreynolds5y@theguardian.com,Male,25,2
216,Bonnie,Carr,bcarr5z@dedecms.com,Female,51,11
217,Kelly,Spencer,kspencer60@tripod.com,Female,52,4
218,Denise,Meyer,dmeyer61@desdev.cn,Female,48,11
219,Wanda,Hayes,whayes62@alibaba.com,Female,27,16
220,Maria,Day,mday63@yahoo.co.jp,Female,33,17
221,Carolyn,Armstrong,carmstrong64@google.de,Female,55,6
222,Christine,Lane,clane65@xrea.com,Female,33,4
223,Clarence,Howell,chowell66@nyu.edu,Male,50,8
224,Diane,Moore,dmoore67@china.com.cn,Female,46,1
225,Eric,Robertson,erobertson68@google.es,Male,49,4
226,Jennifer,Peterson,jpeterson69@barnesandnoble.com,Female,28,13
227,Nicholas,Flores,nflores6a@bloglines.com,Male,46,6
228,Bruce,Murphy,bmurphy6b@dagondesign.com,Male,41,10
229,Julie,Nelson,jnelson6c@acquirethisname.com,Female,38,13
230,Harry,Vasquez,hvasquez6d@japanpost.jp,Male,51,3
231,Eugene,Ruiz,eruiz6e@nasa.gov,Male,51,8
232,Diana,Green,dgreen6f@rakuten.co.jp,Female,47,17
233,Lillian,Bennett,lbennett6g@admin.ch,Female,48,15
234,Paula,Lee,plee6h@abc.net.au,Female,29,20
235,Betty,Williamson,bwilliamson6i@sitemeter.com,Female,53,3
236,Donald,Thomas,dthomas6j@drupal.org,Male,41,16
237,Lillian,Kennedy,lkennedy6k@theatlantic.com,Female,38,14
238,Jane,Berry,jberry6l@walmart.com,Female,28,11
239,Justin,Little,jlittle6m@msu.edu,Male,46,10
240,Antonio,Green,agreen6n@usa.gov,Male,31,9
241,Louise,Miller,lmiller6o@mac.com,Female,37,6
242,Carol,Watson,cwatson6p@google.co.jp,Female,54,6
243,Robin,Hudson,rhudson6q@booking.com,Female,25,9
244,Kathleen,Fuller,kfuller6r@homestead.com,Female,55,8
245,Maria,Hughes,mhughes6s@blogspot.com,Female,55,20
246,Joyce,Day,jday6t@nymag.com,Female,28,9
247,Nicole,Morris,nmorris6u@bbb.org,Female,24,10
248,Randy,Phillips,rphillips6v@merriam-webster.com,Male,43,14
249,Dennis,Robinson,drobinson6w@unicef.org,Male,45,19
250,Jane,Torres,jtorres6x@patch.com,Female,33,10
251,Wayne,Banks,wbanks6y@nasa.gov,Male,31,3
252,Tina,Henderson,thenderson6z@google.pl,Female,47,1
253,Kimberly,Edwards,kedwards70@devhub.com,Female,60,4
254,John,Gomez,jgomez71@sogou.com,Male,41,11
255,Nicole,Stanley,nstanley72@loc.gov,Female,41,17
256,Marie,Sims,msims73@cocolog-nifty.com,Female,55,16
257,Richard,Perkins,rperkins74@indiegogo.com,Male,59,19
258,Mark,Austin,maustin75@over-blog.com,Male,60,17
259,Daniel,Coleman,dcoleman76@wired.com,Male,50,1
260,Amy,Campbell,acampbell77@indiegogo.com,Female,36,14
261,Wayne,Gray,wgray78@zdnet.com,Male,43,7
262,Roger,Freeman,rfreeman79@yahoo.com,Male,59,8
263,Jerry,Dixon,jdixon7a@wiley.com,Male,37,15
264,Ralph,Watson,rwatson7b@is.gd,Male,33,14
265,Lori,Fernandez,lfernandez7c@fotki.com,Female,55,13
266,Diane,Lee,dlee7d@cpanel.net,Female,45,7
267,Sean,Evans,sevans7e@blog.com,Male,48,10
268,Eugene,Ross,eross7f@pbs.org,Male,28,12
269,Jeffrey,Howard,jhoward7g@cafepress.com,Male,59,19
270,Willie,Ross,wross7h@jiathis.com,Male,60,4
271,Joshua,Foster,jfoster7i@delicious.com,Male,47,2
272,Jeffrey,Reyes,jreyes7j@tripod.com,Male,57,2
273,Jacqueline,Wheeler,jwheeler7k@etsy.com,Female,54,20
274,Christopher,Bell,cbell7l@google.com,Male,24,13
275,Amanda,Hernandez,ahernandez7m@google.fr,Female,56,13
276,Amanda,Adams,aadams7n@cnbc.com,Female,47,18
277,Stephen,Phillips,sphillips7o@studiopress.com,Male,28,12
278,Robert,Peters,rpeters7p@bizjournals.com,Male,39,12
279,Gregory,Rivera,grivera7q@smugmug.com,Male,26,4
280,William,Medina,wmedina7r@macromedia.com,Male,30,7
281,Annie,Schmidt,aschmidt7s@canalblog.com,Female,31,3
282,Matthew,Berry,mberry7t@creativecommons.org,Male,29,16
283,Timothy,Hart,thart7u@uol.com.br,Male,28,12
284,Arthur,Peterson,apeterson7v@quantcast.com,Male,42,14
285,George,Morris,gmorris7w@ezinearticles.com,Male,28,1
286,Virginia,Gray,vgray7x@census.gov,Female,57,3
287,Jonathan,Long,jlong7y@tiny.cc,Male,48,4
288,Kathy,Chapman,kchapman7z@gravatar.com,Female,32,18
289,Maria,Andrews,mandrews80@amazon.de,Female,54,9
290,Antonio,Olson,aolson81@creativecommons.org,Male,53,3
291,Johnny,Collins,jcollins82@time.com,Male,51,13
292,Paul,Franklin,pfranklin83@biblegateway.com,Male,34,2
293,Carolyn,Larson,clarson84@trellian.com,Female,60,8
294,Catherine,Lane,clane85@patch.com,Female,51,4
295,Juan,Gordon,jgordon86@cnet.com,Male,27,18
296,Alan,Murphy,amurphy87@house.gov,Male,53,15
297,Eric,Brown,ebrown88@dion.ne.jp,Male,36,11
298,Rebecca,Lawrence,rlawrence89@myspace.com,Female,44,13
299,Chris,Black,cblack8a@ox.ac.uk,Male,54,17
300,Michelle,Spencer,mspencer8b@xinhuanet.com,Female,56,15
301,Laura,Chavez,lchavez8c@intel.com,Female,47,14
302,Charles,Carter,ccarter8d@infoseek.co.jp,Male,43,12
303,Catherine,Watkins,cwatkins8e@taobao.com,Female,50,5
304,Nancy,Grant,ngrant8f@alibaba.com,Female,47,4
305,Susan,Rose,srose8g@weather.com,Female,27,18
306,Russell,Stewart,rstewart8h@nationalgeographic.com,Male,48,3
307,Sara,Arnold,sarnold8i@sun.com,Female,52,2
308,Diana,Montgomery,dmontgomery8j@deviantart.com,Female,42,4
309,Chris,Cole,ccole8k@ycombinator.com,Male,25,10
310,Phillip,West,pwest8l@creativecommons.org,Male,56,11
311,Robert,Crawford,rcrawford8m@answers.com,Male,33,16
312,Anne,King,aking8n@ox.ac.uk,Female,48,13
313,Martha,Medina,mmedina8o@abc.net.au,Female,40,2
314,Eugene,Diaz,ediaz8p@umn.edu,Male,24,8
315,Justin,Warren,jwarren8q@washington.edu,Male,43,10
316,Kathy,Brooks,kbrooks8r@imdb.com,Female,37,19
317,Jason,Hughes,jhughes8s@behance.net,Male,30,2
318,Heather,Scott,hscott8t@loc.gov,Female,28,12
319,Christina,Allen,callen8u@imdb.com,Female,24,4
320,Shawn,Ruiz,sruiz8v@sohu.com,Male,43,20
321,Benjamin,Garrett,bgarrett8w@yale.edu,Male,46,9
322,Helen,Barnes,hbarnes8x@google.co.uk,Female,34,9
323,James,Kelly,jkelly8y@loc.gov,Male,36,2
324,Daniel,Gilbert,dgilbert8z@irs.gov,Male,31,13
325,Martha,Fisher,mfisher90@nasa.gov,Female,47,16
326,Mary,Howard,mhoward91@techcrunch.com,Female,30,17
327,Rachel,Daniels,rdaniels92@cisco.com,Female,26,13
328,Shirley,Simmons,ssimmons93@icio.us,Female,36,18
329,Kathleen,Patterson,kpatterson94@independent.co.uk,Female,32,7
330,Wayne,Garrett,wgarrett95@github.com,Male,30,3
331,Thomas,Palmer,tpalmer96@senate.gov,Male,55,19
332,Philip,George,pgeorge97@163.com,Male,32,4
333,Christina,Washington,cwashington98@hp.com,Female,47,8
334,Frank,Sims,fsims99@about.me,Male,29,8
335,Tina,Berry,tberry9a@comcast.net,Female,54,2
336,Alan,Knight,aknight9b@icq.com,Male,55,17
337,Gloria,Perry,gperry9c@imdb.com,Female,30,14
338,Judith,Edwards,jedwards9d@cmu.edu,Female,45,17
339,Robert,Mendoza,rmendoza9e@apache.org,Male,57,11
340,Russell,Knight,rknight9f@hubpages.com,Male,41,16
341,Frances,Ramirez,framirez9g@prlog.org,Female,43,5
342,Sean,Frazier,sfrazier9h@geocities.jp,Male,24,2
343,Kathy,Gibson,kgibson9i@canalblog.com,Female,35,11
344,Virginia,Hernandez,vhernandez9j@examiner.com,Female,37,20
345,Mary,Morrison,mmorrison9k@pbs.org,Female,51,13
346,Wanda,Watkins,wwatkins9l@mtv.com,Female,32,16
347,Stephanie,Harrison,sharrison9m@mit.edu,Female,39,16
348,Brandon,Richards,brichards9n@upenn.edu,Male,58,14
349,Julia,Sanders,jsanders9o@imgur.com,Female,50,8
350,Pamela,Morris,pmorris9p@pcworld.com,Female,35,10
351,Judy,Austin,jaustin9q@usgs.gov,Female,55,10
352,Sara,Gomez,sgomez9r@posterous.com,Female,26,3
353,Christine,Lawrence,clawrence9s@simplemachines.org,Female,58,4
354,Jessica,Nichols,jnichols9t@theatlantic.com,Female,48,7
355,Terry,Wilson,twilson9u@slate.com,Male,33,9
356,Edward,Martin,emartin9v@sourceforge.net,Male,24,7
357,Carolyn,Dean,cdean9w@ovh.net,Female,29,5
358,Joyce,Castillo,jcastillo9x@histats.com,Female,44,8
359,Kathy,Hart,khart9y@vkontakte.ru,Female,43,7
360,Ashley,Murray,amurray9z@fotki.com,Female,45,18
361,Julia,Fields,jfieldsa0@de.vu,Female,55,3
362,Laura,Burke,lburkea1@cnbc.com,Female,35,17
363,Gerald,Shaw,gshawa2@homestead.com,Male,59,15
364,Earl,Ellis,eellisa3@microsoft.com,Male,36,11
365,Phillip,Rose,prosea4@indiegogo.com,Male,38,18
366,Bobby,Ellis,bellisa5@microsoft.com,Male,41,18
367,Margaret,Bailey,mbaileya6@prnewswire.com,Female,40,3
368,Elizabeth,Shaw,eshawa7@nationalgeographic.com,Female,29,2
369,Timothy,Morgan,tmorgana8@dailymotion.com,Male,52,18
370,Mary,Anderson,mandersona9@stanford.edu,Female,31,18
371,Carlos,Jacobs,cjacobsaa@sciencedirect.com,Male,46,12
372,Susan,Schmidt,sschmidtab@jalbum.net,Female,50,8
373,Ernest,Martinez,emartinezac@bravesites.com,Male,26,11
374,Jessica,Nelson,jnelsonad@springer.com,Female,24,11
375,Denise,Hunter,dhunterae@flavors.me,Female,55,5
376,Janet,Miller,jmilleraf@princeton.edu,Female,33,17
377,Theresa,Price,tpriceag@mapy.cz,Female,25,9
378,Carol,Elliott,celliottah@jigsy.com,Female,41,4
379,Lisa,Baker,lbakerai@gnu.org,Female,39,18
380,Martin,Little,mlittleaj@state.tx.us,Male,56,16
381,Thomas,Butler,tbutlerak@simplemachines.org,Male,60,7
382,Amy,Reed,areedal@yellowpages.com,Female,40,9
383,Denise,Moore,dmooream@parallels.com,Female,29,3
384,Donna,Stewart,dstewartan@nbcnews.com,Female,25,10
385,Tammy,Peters,tpetersao@canalblog.com,Female,25,2
386,Mildred,Hamilton,mhamiltonap@marriott.com,Female,46,18
387,Lois,Fields,lfieldsaq@thetimes.co.uk,Female,37,5
388,Edward,Gonzalez,egonzalezar@rambler.ru,Male,32,11
389,Debra,Lawson,dlawsonas@yellowpages.com,Female,29,8
390,Joan,Myers,jmyersat@istockphoto.com,Female,33,14
391,Lillian,Lawson,llawsonau@about.com,Female,40,2
392,Dorothy,Campbell,dcampbellav@quantcast.com,Female,42,14
393,Nancy,Bowman,nbowmanaw@ed.gov,Female,29,1
394,Harold,Hicks,hhicksax@fda.gov,Male,34,14
395,Mildred,Tucker,mtuckeray@miitbeian.gov.cn,Female,44,15
396,Thomas,Wheeler,twheeleraz@vinaora.com,Male,35,13
397,Theresa,Mills,tmillsb0@wiley.com,Female,49,1
398,Jack,Ferguson,jfergusonb1@jugem.jp,Male,32,7
399,Johnny,Anderson,jandersonb2@163.com,Male,58,2
400,Rachel,Hill,rhillb3@amazon.co.uk,Female,28,5
401,Virginia,Medina,vmedinab4@pcworld.com,Female,50,14
402,Denise,Dunn,ddunnb5@scribd.com,Female,38,20
403,James,Gonzalez,jgonzalezb6@archive.org,Male,47,2
404,Virginia,Walker,vwalkerb7@homestead.com,Female,32,6
405,Evelyn,Hicks,ehicksb8@yellowpages.com,Female,50,13
406,Louise,Jacobs,ljacobsb9@google.pl,Female,39,12
407,Benjamin,Flores,bfloresba@tiny.cc,Male,57,4
408,Margaret,Day,mdaybb@ustream.tv,Female,41,4
409,Annie,Fowler,afowlerbc@skype.com,Female,39,5
410,Walter,Adams,wadamsbd@google.de,Male,59,5
411,Jean,Jacobs,jjacobsbe@istockphoto.com,Female,26,19
412,Dennis,Ramirez,dramirezbf@edublogs.org,Male,41,14
413,Jacqueline,Gray,jgraybg@wisc.edu,Female,43,19
414,Larry,Wheeler,lwheelerbh@apache.org,Male,50,4
415,Judy,Diaz,jdiazbi@imgur.com,Female,29,8
416,Jason,Gutierrez,jgutierrezbj@sogou.com,Male,42,12
417,Ann,Arnold,aarnoldbk@phoca.cz,Female,57,10
418,Jason,Ramos,jramosbl@chronoengine.com,Male,34,2
419,Betty,Campbell,bcampbellbm@prlog.org,Female,45,9
420,Nancy,Jackson,njacksonbn@mediafire.com,Female,43,3
421,Gerald,Jordan,gjordanbo@economist.com,Male,27,12
422,Helen,Andrews,handrewsbp@studiopress.com,Female,27,15
423,Wayne,Stanley,wstanleybq@php.net,Male,24,12
424,Christine,Carroll,ccarrollbr@t.co,Female,30,1
425,George,Phillips,gphillipsbs@ocn.ne.jp,Male,46,7
426,Howard,Ruiz,hruizbt@skype.com,Male,48,15
427,Stephen,Harper,sharperbu@wufoo.com,Male,35,5
428,Joyce,Martinez,jmartinezbv@tmall.com,Female,29,6
429,Jennifer,Mcdonald,jmcdonaldbw@youku.com,Female,26,6
430,Martha,Berry,mberrybx@com.com,Female,34,18
431,George,Cox,gcoxby@geocities.jp,Male,45,4
432,Tina,Bishop,tbishopbz@indiatimes.com,Female,46,11
433,Mary,Flores,mfloresc0@telegraph.co.uk,Female,33,6
434,Nicole,Morales,nmoralesc1@quantcast.com,Female,35,19
435,Cheryl,Ford,cfordc2@etsy.com,Female,31,17
436,Heather,Simpson,hsimpsonc3@cdc.gov,Female,34,4
437,Wayne,Dixon,wdixonc4@w3.org,Male,56,15
438,Wayne,Gardner,wgardnerc5@tumblr.com,Male,28,4
439,Billy,Frazier,bfrazierc6@statcounter.com,Male,36,10
440,Marilyn,Green,mgreenc7@tuttocitta.it,Female,57,12
441,Robin,Anderson,randersonc8@squarespace.com,Female,60,8
442,Kelly,Alvarez,kalvarezc9@dyndns.org,Female,32,7
443,Jimmy,Willis,jwillisca@vinaora.com,Male,30,18
444,Brenda,Garrett,bgarrettcb@opensource.org,Female,55,6
445,Sarah,Murray,smurraycc@bbc.co.uk,Female,52,2
446,Randy,Bell,rbellcd@newyorker.com,Male,55,8
447,Patricia,Alexander,palexanderce@hexun.com,Female,31,2
448,Kimberly,Coleman,kcolemancf@stanford.edu,Female,54,15
449,Amanda,Duncan,aduncancg@go.com,Female,33,7
450,Todd,Matthews,tmatthewsch@shutterfly.com,Male,34,12
451,Martha,Cruz,mcruzci@reddit.com,Female,53,13
452,Annie,Willis,awilliscj@t.co,Female,44,18
453,Janet,Snyder,jsnyderck@umich.edu,Female,41,18
454,Melissa,Morris,mmorriscl@youku.com,Female,57,2
455,Bonnie,Hudson,bhudsoncm@tamu.edu,Female,58,8
456,Jonathan,Miller,jmillercn@stanford.edu,Male,47,8
457,Steven,Sims,ssimsco@columbia.edu,Male,26,17
458,Sarah,Wells,swellscp@eepurl.com,Female,60,4
459,Jason,Sullivan,jsullivancq@sun.com,Male,42,8
460,Katherine,Hansen,khansencr@chicagotribune.com,Female,25,9
461,Albert,Nelson,anelsoncs@woothemes.com,Male,29,15
462,Helen,Carpenter,hcarpenterct@bloglines.com,Female,49,17
463,Elizabeth,Thompson,ethompsoncu@msu.edu,Female,31,5
464,Barbara,Nguyen,bnguyencv@plala.or.jp,Female,50,3
465,Karen,Mendoza,kmendozacw@google.ru,Female,24,3
466,Arthur,Scott,ascottcx@sina.com.cn,Male,47,15
467,Peter,Chavez,pchavezcy@icq.com,Male,60,13
468,Rachel,Bailey,rbaileycz@scribd.com,Female,57,15
469,Judy,Thompson,jthompsond0@intel.com,Female,34,4
470,Gerald,Sullivan,gsullivand1@aol.com,Male,27,19
471,Donald,Thomas,dthomasd2@blogtalkradio.com,Male,59,17
472,Shawn,Ruiz,sruizd3@icio.us,Male,33,15
473,George,Wilson,gwilsond4@mozilla.com,Male,39,13
474,Peter,Rice,priced5@e-recht24.de,Male,54,15
475,Carolyn,Reed,creedd6@topsy.com,Female,41,10
476,Angela,Woods,awoodsd7@marriott.com,Female,39,8
477,Jane,Ray,jrayd8@sfgate.com,Female,31,12
478,Walter,Morris,wmorrisd9@nytimes.com,Male,53,7
479,Thomas,Watkins,twatkinsda@github.io,Male,46,7
480,Sandra,Barnes,sbarnesdb@toplist.cz,Female,40,9
481,Joseph,Bell,jbelldc@infoseek.co.jp,Male,25,4
482,Robin,Snyder,rsnyderdd@multiply.com,Female,44,2
483,Lisa,Marshall,lmarshallde@typepad.com,Female,38,4
484,Samuel,Thomas,sthomasdf@free.fr,Male,49,19
485,Helen,Mendoza,hmendozadg@friendfeed.com,Female,24,3
486,Lawrence,Patterson,lpattersondh@vkontakte.ru,Male,45,16
487,Joseph,Cook,jcookdi@telegraph.co.uk,Male,33,12
488,Willie,Palmer,wpalmerdj@omniture.com,Male,36,5
489,Pamela,Mason,pmasondk@drupal.org,Female,27,2
490,Jesse,Alvarez,jalvarezdl@huffingtonpost.com,Male,44,17
491,Kathleen,Crawford,kcrawforddm@hud.gov,Female,54,7
492,Carolyn,Franklin,cfranklindn@usatoday.com,Female,51,16
493,Deborah,Tucker,dtuckerdo@w3.org,Female,58,13
494,Jason,Stevens,jstevensdp@senate.gov,Male,46,7
495,Scott,Austin,saustindq@google.com.hk,Male,60,16
496,Roy,Griffin,rgriffindr@fc2.com,Male,45,3
497,Anna,Hall,ahallds@psu.edu,Female,48,14
498,Willie,Dunn,wdunndt@cpanel.net,Male,55,1
499,Robin,Day,rdaydu@wordpress.org,Female,50,3
500,Dorothy,Simmons,dsimmonsdv@hao123.com,Female,45,13
501,Johnny,Rose,jrosedw@forbes.com,Male,41,4
502,Terry,Patterson,tpattersondx@vkontakte.ru,Male,33,18
503,Jessica,Franklin,jfranklindy@stanford.edu,Female,33,17
504,Jonathan,Lopez,jlopezdz@t-online.de,Male,47,5
505,Cheryl,Green,cgreene0@wired.com,Female,48,15
506,Jesse,Henry,jhenrye1@marriott.com,Male,41,2
507,Daniel,Brooks,dbrookse2@weibo.com,Male,43,13
508,Steve,Harrison,sharrisone3@merriam-webster.com,Male,58,15
509,Laura,Wallace,lwallacee4@comcast.net,Female,40,8
510,Martin,West,mweste5@hostgator.com,Male,39,13
511,Carol,Spencer,cspencere6@admin.ch,Female,58,2
512,Patrick,Fields,pfieldse7@ted.com,Male,59,4
513,Michelle,Medina,mmedinae8@goo.ne.jp,Female,28,11
514,Terry,Thompson,tthompsone9@census.gov,Male,47,9
515,Fred,Green,fgreenea@wisc.edu,Male,57,7
516,Anne,Montgomery,amontgomeryeb@bloglovin.com,Female,52,1
517,Michael,Cruz,mcruzec@marriott.com,Male,27,17
518,Julie,James,jjamesed@wiley.com,Female,38,20
519,Jane,Andrews,jandrewsee@tripadvisor.com,Female,46,17
520,Bobby,Pierce,bpierceef@themeforest.net,Male,55,13
521,Harry,Gutierrez,hgutierrezeg@amazon.com,Male,58,1
522,Patricia,Ramirez,pramirezeh@flickr.com,Female,29,12
523,Betty,Montgomery,bmontgomeryei@independent.co.uk,Female,56,1
524,Jonathan,Cunningham,jcunninghamej@timesonline.co.uk,Male,32,17
525,Harold,Richardson,hrichardsonek@ihg.com,Male,54,9
526,Louis,Mcdonald,lmcdonaldel@goodreads.com,Male,37,11
527,Sarah,Montgomery,smontgomeryem@wix.com,Female,59,17
528,Eric,Mitchell,emitchellen@friendfeed.com,Male,58,15
529,Sean,Harris,sharriseo@chicagotribune.com,Male,29,9
530,Jacqueline,Garcia,jgarciaep@cbslocal.com,Female,43,18
531,Frank,Mcdonald,fmcdonaldeq@reuters.com,Male,35,4
532,Ruth,Garcia,rgarciaer@so-net.ne.jp,Female,52,20
533,Walter,Chavez,wchavezes@nasa.gov,Male,51,13
534,Matthew,Wilson,mwilsonet@ox.ac.uk,Male,46,9
535,Kathy,Carroll,kcarrolleu@va.gov,Female,52,3
536,Randy,Shaw,rshawev@bandcamp.com,Male,40,4
537,Lawrence,Carroll,lcarrollew@woothemes.com,Male,38,12
538,Wanda,Bishop,wbishopex@about.me,Female,32,2
539,Philip,Howard,phowardey@t-online.de,Male,33,6
540,David,Scott,dscottez@hatena.ne.jp,Male,36,10
541,Mildred,Burton,mburtonf0@dedecms.com,Female,34,3
542,Andrea,Larson,alarsonf1@shutterfly.com,Female,43,17
543,Phillip,Palmer,ppalmerf2@nifty.com,Male,49,15
544,Stephanie,Walker,swalkerf3@uiuc.edu,Female,39,9
545,Christina,Bryant,cbryantf4@cnn.com,Female,45,17
546,Bobby,Spencer,bspencerf5@indiegogo.com,Male,35,5
547,Jeremy,Richardson,jrichardsonf6@nasa.gov,Male,55,6
548,Victor,Flores,vfloresf7@dell.com,Male,37,14
549,Theresa,Elliott,telliottf8@delicious.com,Female,49,17
550,Shawn,Bell,sbellf9@nationalgeographic.com,Male,52,14
551,Gerald,Bell,gbellfa@dyndns.org,Male,33,18
552,Frances,Lane,flanefb@free.fr,Female,44,5
553,Bruce,Black,bblackfc@naver.com,Male,34,19
554,Joshua,Kim,jkimfd@cbc.ca,Male,43,2
555,Terry,Fernandez,tfernandezfe@gmpg.org,Male,46,7
556,Shirley,King,skingff@slashdot.org,Female,43,6
557,Keith,Rivera,kriverafg@fema.gov,Male,52,19
558,Jeremy,Armstrong,jarmstrongfh@dion.ne.jp,Male,43,11
559,Bruce,Black,bblackfi@myspace.com,Male,34,12
560,Heather,Olson,holsonfj@ow.ly,Female,48,10
561,Carl,Wood,cwoodfk@businesswire.com,Male,56,14
562,Marilyn,Day,mdayfl@craigslist.org,Female,41,20
563,Joshua,Daniels,jdanielsfm@csmonitor.com,Male,55,15
564,Matthew,Warren,mwarrenfn@shareasale.com,Male,33,19
565,Ann,Morris,amorrisfo@booking.com,Female,40,17
566,John,Gomez,jgomezfp@buzzfeed.com,Male,40,12
567,Anne,Fernandez,afernandezfq@shareasale.com,Female,25,17
568,Ronald,Hill,rhillfr@angelfire.com,Male,43,8
569,Lori,Mcdonald,lmcdonaldfs@geocities.com,Female,30,6
570,Joan,Fields,jfieldsft@taobao.com,Female,47,8
571,Patricia,Bryant,pbryantfu@mtv.com,Female,50,9
572,Elizabeth,Williams,ewilliamsfv@gmpg.org,Female,41,12
573,Rose,Mills,rmillsfw@nyu.edu,Female,55,20
574,Wayne,Perkins,wperkinsfx@booking.com,Male,53,9
575,Todd,Hernandez,thernandezfy@facebook.com,Male,31,20
576,Janet,Ramirez,jramirezfz@360.cn,Female,43,17
577,Theresa,Hernandez,thernandezg0@shinystat.com,Female,59,19
578,Philip,Bishop,pbishopg1@bloglovin.com,Male,51,2
579,Beverly,Smith,bsmithg2@ebay.co.uk,Female,59,13
580,Steven,Rose,sroseg3@cdbaby.com,Male,52,12
581,Karen,Ruiz,kruizg4@amazon.com,Female,54,20
582,Amy,Bailey,abaileyg5@bloomberg.com,Female,49,12
583,Jason,Clark,jclarkg6@seesaa.net,Male,42,5
584,Brian,Morgan,bmorgang7@acquirethisname.com,Male,34,15
585,Irene,Ellis,iellisg8@symantec.com,Female,54,7
586,Phillip,Smith,psmithg9@latimes.com,Male,49,4
587,Chris,Hunter,chunterga@marketwatch.com,Male,60,9
588,Douglas,Gibson,dgibsongb@springer.com,Male,38,5
589,Cynthia,Lawson,clawsongc@google.es,Female,49,3
590,Kathleen,Bowman,kbowmangd@networkadvertising.org,Female,28,16
591,Ruby,Lynch,rlynchge@goodreads.com,Female,32,7
592,Andrew,Gomez,agomezgf@bbc.co.uk,Male,50,17
593,Emily,Frazier,efraziergg@wisc.edu,Female,46,19
594,Paul,Torres,ptorresgh@nasa.gov,Male,42,20
595,Kelly,Taylor,ktaylorgi@microsoft.com,Female,56,7
596,Diane,Johnston,djohnstongj@cocolog-nifty.com,Female,46,15
597,John,Kelley,jkelleygk@slashdot.org,Male,49,18
598,Jesse,Reyes,jreyesgl@topsy.com,Male,50,5
599,Karen,Ray,kraygm@gnu.org,Female,25,13
600,Andrew,Hamilton,ahamiltongn@twitter.com,Male,28,14
601,Rachel,Perez,rperezgo@dailymail.co.uk,Female,25,11
602,Brenda,Burns,bburnsgp@epa.gov,Female,47,2
603,Amanda,Murphy,amurphygq@patch.com,Female,36,20
604,Terry,Chavez,tchavezgr@angelfire.com,Male,43,10
605,Sara,Woods,swoodsgs@dropbox.com,Female,57,15
606,Gloria,Hall,ghallgt@yellowpages.com,Female,44,5
607,Nicole,Shaw,nshawgu@gravatar.com,Female,49,3
608,Deborah,Hunter,dhuntergv@buzzfeed.com,Female,25,16
609,Jeffrey,Campbell,jcampbellgw@who.int,Male,26,16
610,Brenda,Chavez,bchavezgx@photobucket.com,Female,37,3
611,Emily,Rodriguez,erodriguezgy@cdbaby.com,Female,30,12
612,Denise,Holmes,dholmesgz@fema.gov,Female,25,9
613,Julie,West,jwesth0@yahoo.co.jp,Female,35,14
614,Jennifer,Mills,jmillsh1@home.pl,Female,33,9
615,Barbara,Lewis,blewish2@google.com.hk,Female,50,8
616,Kathryn,Cunningham,kcunninghamh3@barnesandnoble.com,Female,56,13
617,Joan,Day,jdayh4@miitbeian.gov.cn,Female,49,19
618,Margaret,Jackson,mjacksonh5@jiathis.com,Female,47,8
619,Jack,Ford,jfordh6@sciencedaily.com,Male,30,4
620,Paula,Bradley,pbradleyh7@blogtalkradio.com,Female,34,8
621,Carol,Kelly,ckellyh8@home.pl,Female,38,17
622,Joan,Wheeler,jwheelerh9@last.fm,Female,32,6
623,Nicholas,Duncan,nduncanha@utexas.edu,Male,49,1
624,Irene,Cunningham,icunninghamhb@acquirethisname.com,Female,42,15
625,Sara,Phillips,sphillipshc@pen.io,Female,40,14
626,John,Graham,jgrahamhd@simplemachines.org,Male,35,17
627,Carol,Cox,ccoxhe@patch.com,Female,30,10
628,Alice,Richardson,arichardsonhf@1688.com,Female,41,5
629,Bonnie,Webb,bwebbhg@spiegel.de,Female,51,13
630,Howard,Ramirez,hramirezhh@vistaprint.com,Male,48,16
631,Evelyn,Dunn,edunnhi@ucsd.edu,Female,59,6
632,Lori,Kim,lkimhj@unicef.org,Female,42,11
633,Sara,Kelley,skelleyhk@sakura.ne.jp,Female,45,4
634,Michael,Gordon,mgordonhl@fotki.com,Male,53,7
635,Joan,Banks,jbankshm@myspace.com,Female,47,10
636,Timothy,Mills,tmillshn@home.pl,Male,28,2
637,Alice,Jones,ajonesho@mayoclinic.com,Female,53,18
638,Tammy,Allen,tallenhp@netscape.com,Female,57,7
639,Ryan,Frazier,rfrazierhq@foxnews.com,Male,52,19
640,Evelyn,Harrison,eharrisonhr@examiner.com,Female,34,20
641,Virginia,Diaz,vdiazhs@jugem.jp,Female,47,5
642,Stephen,Collins,scollinsht@ibm.com,Male,56,11
643,Jacqueline,Smith,jsmithhu@columbia.edu,Female,49,15
644,Amy,Hall,ahallhv@t.co,Female,38,5
645,Clarence,Wilson,cwilsonhw@ucla.edu,Male,50,17
646,Keith,Lane,klanehx@vistaprint.com,Male,41,12
647,Daniel,Greene,dgreenehy@ask.com,Male,59,15
648,William,Bradley,wbradleyhz@goo.gl,Male,29,17
649,Gregory,Webb,gwebbi0@comcast.net,Male,49,7
650,Chris,Gibson,cgibsoni1@paypal.com,Male,41,19
651,Ralph,Turner,rturneri2@columbia.edu,Male,41,14
652,Terry,Hall,thalli3@fema.gov,Male,27,10
653,Lori,Elliott,lelliotti4@independent.co.uk,Female,57,10
654,Katherine,King,kkingi5@nyu.edu,Female,42,8
655,David,Owens,dowensi6@wsj.com,Male,37,3
656,Tammy,Bennett,tbennetti7@edublogs.org,Female,42,15
657,Peter,Russell,prusselli8@marriott.com,Male,29,11
658,Randy,Collins,rcollinsi9@army.mil,Male,33,15
659,Rachel,Hamilton,rhamiltonia@weebly.com,Female,40,19
660,Randy,Robinson,rrobinsonib@squidoo.com,Male,40,16
661,Benjamin,Mitchell,bmitchellic@fc2.com,Male,37,1
662,Keith,Palmer,kpalmerid@eventbrite.com,Male,45,3
663,Stephanie,Cooper,scooperie@timesonline.co.uk,Female,32,3
664,Frank,Myers,fmyersif@google.nl,Male,39,8
665,Alice,Adams,aadamsig@vkontakte.ru,Female,40,14
666,Jack,Johnson,jjohnsonih@usatoday.com,Male,39,11
667,Aaron,Wilson,awilsonii@naver.com,Male,39,20
668,Gerald,Day,gdayij@soup.io,Male,27,12
669,Kenneth,Gonzales,kgonzalesik@ft.com,Male,29,18
670,Adam,Arnold,aarnoldil@1688.com,Male,27,10
671,Philip,Reynolds,preynoldsim@forbes.com,Male,26,15
672,Elizabeth,Holmes,eholmesin@privacy.gov.au,Female,33,9
673,Alice,Diaz,adiazio@ed.gov,Female,46,9
674,Julia,Henry,jhenryip@dagondesign.com,Female,27,12
675,Steven,Woods,swoodsiq@360.cn,Male,33,20
676,Sean,Alexander,salexanderir@sohu.com,Male,54,7
677,Ryan,Washington,rwashingtonis@diigo.com,Male,48,1
678,Shirley,Olson,solsonit@ow.ly,Female,48,4
679,Bobby,Ruiz,bruiziu@npr.org,Male,55,16
680,William,Montgomery,wmontgomeryiv@tmall.com,Male,59,16
681,Keith,Thomas,kthomasiw@ezinearticles.com,Male,37,10
682,Clarence,Harvey,charveyix@meetup.com,Male,57,11
683,Kevin,Elliott,kelliottiy@ifeng.com,Male,60,4
684,Louise,Smith,lsmithiz@is.gd,Female,31,2
685,Amy,Miller,amillerj0@fda.gov,Female,53,1
686,Kathryn,Vasquez,kvasquezj1@sakura.ne.jp,Female,57,1
687,Nancy,Howell,nhowellj2@weibo.com,Female,33,18
688,Kenneth,Carpenter,kcarpenterj3@mit.edu,Male,34,4
689,Gary,Welch,gwelchj4@360.cn,Male,41,14
690,David,Little,dlittlej5@timesonline.co.uk,Male,37,16
691,Deborah,Scott,dscottj6@sbwire.com,Female,56,19
692,Jacqueline,Henderson,jhendersonj7@deliciousdays.com,Female,40,7
693,Sara,Holmes,sholmesj8@blog.com,Female,37,4
694,Steven,Rogers,srogersj9@wsj.com,Male,27,1
695,Wayne,Harris,wharrisja@nsw.gov.au,Male,26,7
696,Victor,Martinez,vmartinezjb@boston.com,Male,24,11
697,Steven,Frazier,sfrazierjc@mozilla.org,Male,49,18
698,Angela,Bennett,abennettjd@delicious.com,Female,44,6
699,Steve,Clark,sclarkje@bluehost.com,Male,52,10
700,Robert,Hanson,rhansonjf@cloudflare.com,Male,45,10
701,Dennis,Powell,dpowelljg@tumblr.com,Male,35,18
702,Peter,Watson,pwatsonjh@artisteer.com,Male,34,17
703,Joan,Hayes,jhayesji@ustream.tv,Female,41,1
704,Joyce,Harrison,jharrisonjj@uiuc.edu,Female,50,16
705,Jason,Morris,jmorrisjk@nasa.gov,Male,40,6
706,Sean,Graham,sgrahamjl@csmonitor.com,Male,49,4
707,Melissa,Harris,mharrisjm@adobe.com,Female,60,2
708,Billy,Parker,bparkerjn@timesonline.co.uk,Male,25,19
709,Todd,Gilbert,tgilbertjo@businessinsider.com,Male,31,19
710,Carlos,Collins,ccollinsjp@dailymotion.com,Male,25,9
711,Denise,Warren,dwarrenjq@networkadvertising.org,Female,27,18
712,Scott,Dean,sdeanjr@yolasite.com,Male,38,5
713,Christina,Fernandez,cfernandezjs@godaddy.com,Female,24,1
714,Lois,Roberts,lrobertsjt@woothemes.com,Female,28,7
715,Juan,Ross,jrossju@yahoo.com,Male,32,16
716,Mildred,Young,myoungjv@unesco.org,Female,35,20
717,Craig,Peterson,cpetersonjw@hexun.com,Male,56,13
718,Larry,Mcdonald,lmcdonaldjx@csmonitor.com,Male,53,1
719,Eugene,Kennedy,ekennedyjy@bbb.org,Male,41,12
720,Elizabeth,Palmer,epalmerjz@goodreads.com,Female,26,6
721,Dennis,Gordon,dgordonk0@rambler.ru,Male,36,9
722,Joseph,Grant,jgrantk1@odnoklassniki.ru,Male,37,13
723,Christine,Bryant,cbryantk2@ucoz.com,Female,59,10
724,Helen,Perez,hperezk3@facebook.com,Female,31,13
725,Christopher,Castillo,ccastillok4@icio.us,Male,59,19
726,Aaron,Shaw,ashawk5@addthis.com,Male,39,12
727,Daniel,Griffin,dgriffink6@ning.com,Male,40,8
728,Nicholas,Arnold,narnoldk7@reddit.com,Male,36,18
729,Kenneth,Austin,kaustink8@purevolume.com,Male,36,7
730,Katherine,Chapman,kchapmank9@indiegogo.com,Female,36,8
731,Maria,Walker,mwalkerka@weather.com,Female,42,19
732,Christine,Davis,cdaviskb@miibeian.gov.cn,Female,27,9
733,Gerald,Armstrong,garmstrongkc@xing.com,Male,45,2
734,Theresa,Rivera,triverakd@livejournal.com,Female,31,10
735,Alice,Payne,apayneke@yellowpages.com,Female,25,5
736,Charles,Chavez,cchavezkf@admin.ch,Male,60,10
737,Jose,Kelly,jkellykg@artisteer.com,Male,32,5
738,Patricia,Wright,pwrightkh@networkadvertising.org,Female,46,5
739,Phillip,Porter,pporterki@columbia.edu,Male,52,6
740,Elizabeth,Ross,erosskj@jimdo.com,Female,26,14
741,Carlos,Bell,cbellkk@posterous.com,Male,56,17
742,Howard,Johnston,hjohnstonkl@ow.ly,Male,53,10
743,Nicole,Gordon,ngordonkm@ox.ac.uk,Female,50,13
744,Sandra,Garrett,sgarrettkn@blinklist.com,Female,24,4
745,Victor,Wood,vwoodko@photobucket.com,Male,53,6
746,Diana,Sanders,dsanderskp@mtv.com,Female,48,8
747,Thomas,Willis,twilliskq@nyu.edu,Male,49,5
748,Donald,Kennedy,dkennedykr@moonfruit.com,Male,37,19
749,Chris,Wood,cwoodks@kickstarter.com,Male,48,10
750,Robert,Warren,rwarrenkt@unesco.org,Male,49,4
751,Gary,Miller,gmillerku@mashable.com,Male,47,19
752,Kevin,Day,kdaykv@cbslocal.com,Male,60,12
753,Roy,Richardson,rrichardsonkw@chicagotribune.com,Male,59,14
754,Thomas,Richards,trichardskx@last.fm,Male,28,3
755,Annie,Mason,amasonky@facebook.com,Female,43,4
756,Bonnie,Roberts,brobertskz@domainmarket.com,Female,49,19
757,Elizabeth,Lewis,elewisl0@webmd.com,Female,38,9
758,Jesse,Reyes,jreyesl1@behance.net,Male,39,3
759,Albert,Anderson,aandersonl2@spiegel.de,Male,43,12
760,Charles,Gardner,cgardnerl3@blinklist.com,Male,41,12
761,Craig,Bradley,cbradleyl4@ifeng.com,Male,41,19
762,Joshua,Black,jblackl5@w3.org,Male,34,6
763,Paul,Young,pyoungl6@wikipedia.org,Male,35,14
764,Gary,Wright,gwrightl7@1688.com,Male,27,13
765,Brenda,Montgomery,bmontgomeryl8@sciencedirect.com,Female,42,14
766,Judith,Frazier,jfrazierl9@howstuffworks.com,Female,59,17
767,Alice,Ford,afordla@cpanel.net,Female,60,3
768,Clarence,Johnson,cjohnsonlb@senate.gov,Male,24,8
769,Joseph,Arnold,jarnoldlc@vinaora.com,Male,55,1
770,Matthew,Ray,mrayld@example.com,Male,25,2
771,Deborah,Wells,dwellsle@techcrunch.com,Female,27,8
772,Elizabeth,King,ekinglf@bbb.org,Female,59,3
773,Carol,Davis,cdavislg@mysql.com,Female,37,12
774,Timothy,Wagner,twagnerlh@tinyurl.com,Male,53,16
775,Kimberly,Woods,kwoodsli@pagesperso-orange.fr,Female,25,9
776,Katherine,Hamilton,khamiltonlj@youtube.com,Female,39,3
777,Brenda,Austin,baustinlk@tumblr.com,Female,55,15
778,Willie,Fox,wfoxll@stumbleupon.com,Male,34,13
779,Christina,Welch,cwelchlm@businesswire.com,Female,59,14
780,Jerry,Harvey,jharveyln@privacy.gov.au,Male,51,1
781,Marilyn,Cunningham,mcunninghamlo@businesswire.com,Female,52,10
782,Susan,Arnold,sarnoldlp@npr.org,Female,42,6
783,Stephen,Moreno,smorenolq@jimdo.com,Male,43,4
784,William,Vasquez,wvasquezlr@webnode.com,Male,48,5
785,Doris,Scott,dscottls@weibo.com,Female,24,14
786,Harold,Banks,hbankslt@rambler.ru,Male,57,9
787,Margaret,Torres,mtorreslu@smugmug.com,Female,40,4
788,Lawrence,Gibson,lgibsonlv@over-blog.com,Male,39,9
789,Gary,Peterson,gpetersonlw@cisco.com,Male,41,15
790,Jessica,Mendoza,jmendozalx@usgs.gov,Female,51,15
791,Jose,Freeman,jfreemanly@nydailynews.com,Male,25,2
792,Ralph,Gonzalez,rgonzalezlz@latimes.com,Male,44,18
793,Eugene,Anderson,eandersonm0@bloglovin.com,Male,57,8
794,Tina,Taylor,ttaylorm1@geocities.com,Female,45,17
795,Henry,Peters,hpetersm2@newsvine.com,Male,60,7
796,Kathy,Morrison,kmorrisonm3@fastcompany.com,Female,35,11
797,Shawn,Vasquez,svasquezm4@cbslocal.com,Male,38,20
798,Ruth,Meyer,rmeyerm5@prnewswire.com,Female,44,20
799,Thomas,Flores,tfloresm6@ning.com,Male,43,20
800,Lillian,Mason,lmasonm7@hatena.ne.jp,Female,27,5
801,Charles,Thomas,cthomasm8@shareasale.com,Male,41,5
802,Catherine,Mason,cmasonm9@walmart.com,Female,26,20
803,Daniel,Romero,dromeroma@opensource.org,Male,36,16
804,Maria,Thompson,mthompsonmb@trellian.com,Female,53,13
805,Karen,Mason,kmasonmc@princeton.edu,Female,30,17
806,Julia,Marshall,jmarshallmd@t-online.de,Female,57,7
807,Joshua,Burns,jburnsme@exblog.jp,Male,35,5
808,Carolyn,Morales,cmoralesmf@loc.gov,Female,50,9
809,Jeffrey,Jacobs,jjacobsmg@answers.com,Male,40,3
810,Phillip,Johnson,pjohnsonmh@goo.gl,Male,40,5
811,Aaron,Watson,awatsonmi@sciencedaily.com,Male,60,18
812,Phyllis,Myers,pmyersmj@symantec.com,Female,43,5
813,Wanda,Olson,wolsonmk@nationalgeographic.com,Female,40,16
814,Joyce,Alvarez,jalvarezml@about.me,Female,52,18
815,Terry,Bryant,tbryantmm@cbsnews.com,Male,24,4
816,Heather,Boyd,hboydmn@elpais.com,Female,34,13
817,Martha,Cox,mcoxmo@apple.com,Female,55,2
818,Larry,Reid,lreidmp@cpanel.net,Male,50,8
819,Chris,Jacobs,cjacobsmq@gravatar.com,Male,57,5
820,Kevin,Walker,kwalkermr@nhs.uk,Male,30,15
821,Joan,Davis,jdavisms@comsenz.com,Female,25,17
822,Carl,Fowler,cfowlermt@weibo.com,Male,34,16
823,Sara,Simpson,ssimpsonmu@adobe.com,Female,30,3
824,Brandon,Simpson,bsimpsonmv@businessinsider.com,Male,57,19
825,James,Simmons,jsimmonsmw@psu.edu,Male,41,18
826,Kevin,Morgan,kmorganmx@xing.com,Male,51,12
827,Irene,Diaz,idiazmy@mozilla.org,Female,46,14
828,Ryan,Ward,rwardmz@vk.com,Male,24,15
829,Bruce,Green,bgreenn0@flickr.com,Male,59,1
830,Patricia,Hayes,phayesn1@hostgator.com,Female,36,17
831,Louise,Hill,lhilln2@nba.com,Female,59,8
832,Chris,Wright,cwrightn3@rediff.com,Male,29,19
833,Anne,Brooks,abrooksn4@netscape.com,Female,53,19
834,Phyllis,Simmons,psimmonsn5@archive.org,Female,40,10
835,Willie,Porter,wportern6@google.nl,Male,26,8
836,Paul,Ford,pfordn7@sitemeter.com,Male,60,15
837,Jason,Hart,jhartn8@businessweek.com,Male,35,4
838,Alan,Clark,aclarkn9@utexas.edu,Male,53,10
839,Joshua,Thompson,jthompsonna@etsy.com,Male,43,3
840,Brenda,Sims,bsimsnb@vk.com,Female,48,3
841,Ralph,White,rwhitenc@hugedomains.com,Male,42,6
842,Anne,Ramirez,aramireznd@oracle.com,Female,27,19
843,Teresa,Watkins,twatkinsne@tiny.cc,Female,51,14
844,Sara,Berry,sberrynf@hatena.ne.jp,Female,59,14
845,Katherine,Burton,kburtonng@t-online.de,Female,30,18
846,Mark,Baker,mbakernh@patch.com,Male,55,19
847,Phyllis,Roberts,probertsni@yellowbook.com,Female,50,3
848,Ruth,Stephens,rstephensnj@google.co.uk,Female,33,12
849,Rachel,Matthews,rmatthewsnk@examiner.com,Female,46,20
850,Irene,Knight,iknightnl@forbes.com,Female,49,11
851,Shawn,Peterson,spetersonnm@squarespace.com,Male,28,14
852,Sarah,Jordan,sjordannn@wunderground.com,Female,35,11
853,Daniel,Cruz,dcruzno@dion.ne.jp,Male,29,11
854,Wayne,Green,wgreennp@intel.com,Male,49,7
855,Kelly,Spencer,kspencernq@blog.com,Female,51,6
856,Deborah,Arnold,darnoldnr@mapquest.com,Female,28,11
857,Betty,Jones,bjonesns@gov.uk,Female,59,18
858,Michelle,Warren,mwarrennt@bbb.org,Female,33,19
859,Jeffrey,Fisher,jfishernu@reference.com,Male,59,5
860,Robin,Reynolds,rreynoldsnv@digg.com,Female,31,11
861,Donald,Harrison,dharrisonnw@marketwatch.com,Male,46,18
862,Dorothy,Washington,dwashingtonnx@wisc.edu,Female,36,1
863,Justin,Henderson,jhendersonny@lulu.com,Male,60,6
864,Jacqueline,Bishop,jbishopnz@fc2.com,Female,33,17
865,Todd,Hunt,thunto0@mail.ru,Male,60,9
866,Diane,Fuller,dfullero1@friendfeed.com,Female,26,7
867,Jimmy,Reynolds,jreynoldso2@mtv.com,Male,34,16
868,Roger,Morrison,rmorrisono3@php.net,Male,42,18
869,Lawrence,Reid,lreido4@webnode.com,Male,47,4
870,Rose,Reed,rreedo5@dedecms.com,Female,50,7
871,Kathleen,Mills,kmillso6@cisco.com,Female,58,12
872,Frances,Jenkins,fjenkinso7@mozilla.org,Female,25,20
873,Chris,Howard,chowardo8@tuttocitta.it,Male,36,1
874,Susan,Morris,smorriso9@prweb.com,Female,50,19
875,Larry,Tucker,ltuckeroa@mac.com,Male,39,10
876,Jonathan,Sims,jsimsob@pen.io,Male,34,4
877,Antonio,Matthews,amatthewsoc@weibo.com,Male,45,10
878,Barbara,Reid,breidod@mashable.com,Female,48,17
879,Frank,Jackson,fjacksonoe@wiley.com,Male,46,3
880,Clarence,Day,cdayof@photobucket.com,Male,52,18
881,Jane,Hawkins,jhawkinsog@dot.gov,Female,56,8
882,Jessica,Rogers,jrogersoh@jigsy.com,Female,28,5
883,Norma,Allen,nallenoi@1688.com,Female,24,10
884,Alan,Lane,alaneoj@webeden.co.uk,Male,59,1
885,Donald,Kim,dkimok@hibu.com,Male,58,20
886,Anna,Fernandez,afernandezol@flavors.me,Female,35,17
887,Carlos,Peters,cpetersom@comsenz.com,Male,47,13
888,Beverly,Fuller,bfulleron@purevolume.com,Female,51,5
889,Kathy,Ryan,kryanoo@chicagotribune.com,Female,36,18
890,Martha,Smith,msmithop@goo.gl,Female,47,10
891,Helen,Walker,hwalkeroq@washingtonpost.com,Female,24,15
892,Carl,Allen,callenor@army.mil,Male,26,11
893,Jack,Bradley,jbradleyos@github.com,Male,53,5
894,Julia,White,jwhiteot@nih.gov,Female,57,19
895,Mary,Lawson,mlawsonou@cmu.edu,Female,43,13
896,Lois,Reynolds,lreynoldsov@ca.gov,Female,57,2
897,Annie,Stevens,astevensow@dot.gov,Female,42,3
898,Ann,Elliott,aelliottox@narod.ru,Female,40,1
899,Rachel,Ward,rwardoy@cbslocal.com,Female,59,5
900,Billy,Harris,bharrisoz@printfriendly.com,Male,50,14
901,Frank,Kelley,fkelleyp0@bloomberg.com,Male,24,10
902,Billy,Brooks,bbrooksp1@paginegialle.it,Male,34,9
903,Amanda,Black,ablackp2@globo.com,Female,42,1
904,Paul,Cox,pcoxp3@examiner.com,Male,59,19
905,Kimberly,Cunningham,kcunninghamp4@nymag.com,Female,28,20
906,Mildred,Gray,mgrayp5@scribd.com,Female,57,16
907,Sean,Thomas,sthomasp6@sciencedirect.com,Male,52,10
908,Steven,Ward,swardp7@diigo.com,Male,39,20
909,Carolyn,Bradley,cbradleyp8@delicious.com,Female,34,18
910,Albert,Richardson,arichardsonp9@bloglines.com,Male,31,14
911,Jessica,Andrews,jandrewspa@jalbum.net,Female,43,4
912,Helen,Gomez,hgomezpb@cisco.com,Female,59,1
913,Lori,Harper,lharperpc@jalbum.net,Female,58,4
914,Aaron,Hicks,ahickspd@cnet.com,Male,54,3
915,Henry,Stephens,hstephenspe@illinois.edu,Male,44,17
916,Amanda,Ford,afordpf@about.me,Female,44,1
917,Antonio,Mason,amasonpg@blinklist.com,Male,40,20
918,Annie,Watkins,awatkinsph@nasa.gov,Female,53,1
919,Wanda,Simpson,wsimpsonpi@ibm.com,Female,43,20
920,Ernest,Williams,ewilliamspj@booking.com,Male,33,1
921,Richard,Graham,rgrahampk@redcross.org,Male,58,13
922,Barbara,Lewis,blewispl@istockphoto.com,Female,24,4
923,Dennis,George,dgeorgepm@vinaora.com,Male,48,17
924,Carl,Mills,cmillspn@boston.com,Male,24,12
925,Marilyn,Morales,mmoralespo@studiopress.com,Female,39,2
926,Janet,Ellis,jellispp@flickr.com,Female,35,8
927,Heather,Sanders,hsanderspq@prweb.com,Female,45,20
928,Jose,Mendoza,jmendozapr@domainmarket.com,Male,26,19
929,Dennis,Armstrong,darmstrongps@mayoclinic.com,Male,26,7
930,Christine,Willis,cwillispt@4shared.com,Female,27,16
931,Paula,Collins,pcollinspu@shop-pro.jp,Female,37,4
932,Barbara,Robertson,brobertsonpv@dell.com,Female,60,8
933,Jane,Graham,jgrahampw@china.com.cn,Female,43,4
934,Evelyn,Boyd,eboydpx@va.gov,Female,28,17
935,Alice,Jackson,ajacksonpy@github.io,Female,60,12
936,Peter,Greene,pgreenepz@facebook.com,Male,26,4
937,Timothy,Rodriguez,trodriguezq0@archive.org,Male,53,7
938,Kelly,Thompson,kthompsonq1@dailymotion.com,Female,38,16
939,Jesse,Hicks,jhicksq2@bloomberg.com,Male,53,6
940,Earl,Porter,eporterq3@scribd.com,Male,60,2
941,Melissa,Harris,mharrisq4@sakura.ne.jp,Female,25,15
942,Ashley,Wilson,awilsonq5@usda.gov,Female,30,2
943,Harry,Burke,hburkeq6@ed.gov,Male,44,15
944,Joseph,Butler,jbutlerq7@goo.gl,Male,36,8
945,Earl,Reid,ereidq8@techcrunch.com,Male,32,19
946,Patrick,Hawkins,phawkinsq9@ucoz.ru,Male,45,14
947,Jerry,Carr,jcarrqa@soup.io,Male,29,16
948,Joyce,Brown,jbrownqb@bravesites.com,Female,56,11
949,Howard,Wallace,hwallaceqc@ca.gov,Male,36,19
950,Steven,Cooper,scooperqd@eepurl.com,Male,42,19
951,Evelyn,Owens,eowensqe@nytimes.com,Female,60,5
952,Alice,Gutierrez,agutierrezqf@jalbum.net,Female,48,12
953,Joan,Dunn,jdunnqg@yandex.ru,Female,58,5
954,Billy,Peters,bpetersqh@weibo.com,Male,50,6
955,Christine,Harvey,charveyqi@twitpic.com,Female,30,6
956,Catherine,Gomez,cgomezqj@altervista.org,Female,52,3
957,James,Harvey,jharveyqk@jigsy.com,Male,51,7
958,Theresa,Cook,tcookql@noaa.gov,Female,32,8
959,Jeffrey,Ellis,jellisqm@imgur.com,Male,29,4
960,Billy,Harper,bharperqn@flickr.com,Male,51,1
961,John,Wheeler,jwheelerqo@businesswire.com,Male,38,16
962,William,Moore,wmooreqp@usatoday.com,Male,37,8
963,Cheryl,Sims,csimsqq@dot.gov,Female,46,8
964,Chris,Duncan,cduncanqr@dailymail.co.uk,Male,29,12
965,Nicholas,Grant,ngrantqs@naver.com,Male,55,8
966,Amy,Turner,aturnerqt@ted.com,Female,35,7
967,Diana,Snyder,dsnyderqu@storify.com,Female,51,1
968,Martha,Turner,mturnerqv@ow.ly,Female,46,9
969,Rachel,Henry,rhenryqw@webeden.co.uk,Female,42,5
970,Teresa,Williamson,twilliamsonqx@alibaba.com,Female,36,2
971,Clarence,Ross,crossqy@booking.com,Male,43,5
972,Deborah,Warren,dwarrenqz@reverbnation.com,Female,41,16
973,Robin,Wilson,rwilsonr0@army.mil,Female,30,3
974,Joshua,Graham,jgrahamr1@prnewswire.com,Male,58,10
975,Kathy,Wood,kwoodr2@wired.com,Female,38,7
976,Brenda,Murphy,bmurphyr3@nps.gov,Female,58,1
977,John,James,jjamesr4@blogspot.com,Male,49,14
978,Ronald,Walker,rwalkerr5@fastcompany.com,Male,26,16
979,Rose,Clark,rclarkr6@mediafire.com,Female,51,20
980,Richard,Bishop,rbishopr7@ocn.ne.jp,Male,50,1
981,Martha,Montgomery,mmontgomeryr8@yandex.ru,Female,40,3
982,Julia,Burns,jburnsr9@prweb.com,Female,30,20
983,Tammy,Andrews,tandrewsra@si.edu,Female,49,3
984,Frances,Watson,fwatsonrb@networksolutions.com,Female,34,10
985,Annie,Owens,aowensrc@usa.gov,Female,34,4
986,Jerry,Banks,jbanksrd@seattletimes.com,Male,53,13
987,Carlos,Ruiz,cruizre@sbwire.com,Male,45,11
988,Christina,Smith,csmithrf@businessinsider.com,Female,34,13
989,Carl,Tucker,ctuckerrg@mapquest.com,Male,49,16
990,Christine,Perez,cperezrh@techcrunch.com,Female,33,2
991,Eric,Hamilton,ehamiltonri@cafepress.com,Male,27,13
992,Jane,Garza,jgarzarj@usa.gov,Female,28,10
993,Jessica,Murray,jmurrayrk@uol.com.br,Female,54,18
994,Diana,Wilson,dwilsonrl@reuters.com,Female,42,19
995,Phillip,Bell,pbellrm@intel.com,Male,52,4
996,Janice,White,jwhitern@toplist.cz,Female,58,8
997,William,Fields,wfieldsro@ox.ac.uk,Male,36,7
998,Phillip,Hansen,phansenrp@yandex.ru,Male,45,5
999,Ruby,Cooper,rcooperrq@hugedomains.com,Female,53,11
1000,Nicholas,Morris,nmorrisrr@timesonline.co.uk,Male,34,15